Section,Covers
**1. Who We Are**,"Brand positioning, services, pricing, voice"
**2. Newsletter**,"4 published emails, Kit sequence IDs, Tips #5–#8 needed"
**3. LinkedIn Outreach**,"10 active targets, 5 new researched targets ready to send, follow-up schedule"
**4. Content Strategy**,"4 pillars, post types, frequency, ratios"
**5. Tools & Access**,"Kit, LinkedIn, Calendly, Buffer, Canva, file locations"
**6. Current Priorities**,"This week, next 2 weeks, September goals"
**7. Brand Guardrails**,What to say / what NOT to say (learned from Mark Dallimore mistake)
**8. Competitors**,"Deep Purple AI, DevCommX — counter-messages ready"
**9. Key Contacts**,"Ana Dinho, Mark Dallimore status"
**10. Daily Routine**,15-min daily checklist + Friday metrics review
**11. Critical Reminders**,"7 rules including ""never share unverified data"""
**12. Quick Reference**,File locations for everything